iteration,loss
1,11.88762
2,11.83068
3,11.75178
4,11.67323
5,11.56917
6,11.49352
7,11.45438
8,11.48591
9,11.62827
10,11.32346

